{
  "project_info": {
    "project_number": "300851818331",
    "firebase_url": "https://sign-up-88.firebaseio.com",
    "project_id": "sign-up-88",
    "storage_bucket": "sign-up-88.appspot.com"
  },
  "client": [
    {
      "client_info": {
        "mobilesdk_app_id": "1:300851818331:android:d90ceb418db67cbe75747e",
        "android_client_info": {
          "package_name": "com.example.sign_up"
        }
      },
      "oauth_client": [
        {
          "client_id": "300851818331-v138qm717ejlm7falde9vc36es5s59ht.apps.googleusercontent.com",
          "client_type": 3
        }
      ],
      "api_key": [
        {
          "current_key": "AIzaSyD9ISAefBGJcRSRp3YHbEGDHqpYqX-XS_8"
        }
      ],
      "services": {
        "appinvite_service": {
          "other_platform_oauth_client": [
            {
              "client_id": "300851818331-v138qm717ejlm7falde9vc36es5s59ht.apps.googleusercontent.com",
              "client_type": 3
            }
          ]
        }
      }
    }
  ],
  "configuration_version": "1"
}